<?xml version="1.0" encoding="UTF-8"?>
<beans xmlns="http://www.springframework.org/schema/beans"
       xmlns:xsi="http://www.w3.org/2001/XMLSchema-instance"
       xmlns:context="http://www.springframework.org/schema/context"
       xmlns:tx="http://www.springframework.org/schema/tx"

       xsi:schemaLocation="http://www.springframework.org/schema/beans
	http://www.springframework.org/schema/beans/spring-beans.xsd
	http://www.springframework.org/schema/context
	http://www.springframework.org/schema/context/spring-context.xsd
	http://www.springframework.org/schema/tx
	http://www.springframework.org/schema/tx/spring-tx.xsd">
    <description>Shiro安全配置</description>


    <bean id="hashedCredentialsMatcher"  class="org.apache.shiro.authc.credential.HashedCredentialsMatcher">
    <!--<bean id="hashedCredentialsMatcher" class="cn.temptation.shiro.ExtendHashedCredentialsMatcher">-->
        <property name="hashAlgorithmName" value="MD5"/>
        <!-- 存储散列后的密码是否为16进制 -->
        <property name="storedCredentialsHexEncoded" value="true"/>
        <!--散列次数-->
        <!--<property name="hashIterations" value="3"/>-->
    </bean>

    <bean id="shiroRealm" class="cn.temptation.shiro.user.realm.UserRealm">
        <property name="credentialsMatcher" ref="hashedCredentialsMatcher"/>
    </bean>


    <bean id="ehcacheManager" class="org.springframework.cache.ehcache.EhCacheManagerFactoryBean">
        <property name="configLocation" value="/WEB-INF/ehcache.xml"/>
    </bean>

    <!-- 定义授权缓存管理器 -->
    <bean id="shiroCacheManager" class="org.apache.shiro.cache.ehcache.EhCacheManager">
        <property name="cacheManager" ref="ehcacheManager"/>
    </bean>
    <!-- Shiro's main business-tier object for web-enabled applications -->
    <bean id="securityManager" class="org.apache.shiro.web.mgt.DefaultWebSecurityManager">
        <!-- single realm -->
        <property name="realm" ref="shiroRealm"/>
        <!-- 注入缓存管理器 -->
        <property name="cacheManager" ref="shiroCacheManager"/>
    </bean>

    <!-- Shiro Filter -->
    <bean id="shiroFilter" class="org.apache.shiro.spring.web.ShiroFilterFactoryBean">
        <property name="securityManager" ref="securityManager"/>
        <!-- 登录URL-->
        <property name="loginUrl" value="/login"/>
        <!-- 登录成功后跳转的URL -->
        <property name="successUrl" value="/index"/>
        <!-- 用户访问未授权的资源时，使用的链接 -->
        <property name="unauthorizedUrl" value="/login"/>
        <!-- shiro约束配置 -->
        <property name="filterChainDefinitions">
            <value>
                /user/login = anon
                <!--/static/** = anon       &lt;!&ndash; 静态资源不使用授权管理 &ndash;&gt;-->
                <!--/public/** = authc-->
                <!--/kaptchaImage = anon-->
                <!--/express/push = anon-->
                <!--/login = user-->
                <!--/forgetpwd/* = anon-->
                <!--/thirdparty = anon-->
                <!--/qqLogin = anon-->
                <!--/imgCode = anon-->
                <!--/checkCode = anon-->
                <!--/checkEmail =anon-->
                <!--/updatePassword =anon-->

                <!--/register/* = anon-->
                <!--/upload/** = anon-->
                <!--/oss/** = anon-->
                <!--/picture/** = anon-->
                <!--/logout = logoutFilter-->
                <!--/** = authc-->
                <!--/static/css/** = anon          &lt;!&ndash; 静态资源不使用授权管理 &ndash;&gt;-->
                <!--/static/js/** = anon           &lt;!&ndash; 静态资源不使用授权管理 &ndash;&gt;-->
                <!--/static/img/** = anon        &lt;!&ndash; 静态资源不使用授权管理 &ndash;&gt;-->
            </value>
        </property>
    </bean>


    <!-- 利用登出过滤器来实现登出 -->
    <bean id="logoutFilter" class="cn.temptation.shiro.filter.LogoutFilter">
        <property name="redirectUrl" value="/login"/>
    </bean>

    <!-- 保证实现了Shiro内部lifecycle函数的bean执行 -->
    <bean id="lifecycleBeanPostProcessor" class="org.apache.shiro.spring.LifecycleBeanPostProcessor"/>

    <bean id="memoryConstrainedCacheManager" class="org.apache.shiro.cache.MemoryConstrainedCacheManager"/>

</beans>