<?xml version="1.0" encoding="UTF-8"?>
<beans xmlns="http://www.springframework.org/schema/beans"
       xmlns:xsi="http://www.w3.org/2001/XMLSchema-instance" xmlns:p="http://www.springframework.org/schema/p"
       xmlns:context="http://www.springframework.org/schema/context"
       xmlns:mvc="http://www.springframework.org/schema/mvc"
       xsi:schemaLocation="http://www.springframework.org/schema/beans
                        http://www.springframework.org/schema/beans/spring-beans-3.1.xsd  
                        http://www.springframework.org/schema/context  
                        http://www.springframework.org/schema/context/spring-context-3.1.xsd  
                        http://www.springframework.org/schema/mvc  
                        http://www.springframework.org/schema/mvc/spring-mvc-4.0.xsd">


    <!-- 自动扫描该包，使SpringMVC认为包下用了@controller注解的类是控制器 -->
    <context:component-scan base-package="cn.temptation.controller" />

    <!--避免IE执行AJAX时，返回JSON出现下载文件 -->
    <bean id="mappingJacksonHttpMessageConverter"
          class="org.springframework.http.converter.json.MappingJackson2HttpMessageConverter">
        <property name="supportedMediaTypes">
            <list>
                <value>text/html;charset=UTF-8</value>
            </list>
        </property>
    </bean>
    <!-- 启动SpringMVC的注解功能，完成请求和注解POJO的映射 -->
    <bean
            class="org.springframework.web.servlet.mvc.annotation.AnnotationMethodHandlerAdapter">
        <property name="messageConverters">
            <list>
                <ref bean="mappingJacksonHttpMessageConverter"/>   <!-- JSON转换器 -->
            </list>
        </property>
    </bean>
    <!-- 定义跳转的文件的前后缀 ，视图模式配置-->
    <bean class="org.springframework.web.servlet.view.InternalResourceViewResolver">
        <!-- 这里的配置我的理解是自动给后面action的方法return的字符串加上前缀和后缀，变成一个 可用的url地址 -->
         <property name="prefix" value="/WEB-INF/jsp/" />
        <property name="suffix" value=".jsp"/>
        <property name="order" value="1"/>
    </bean>

    <!-- 配置文件上传，如果没有使用文件上传可以不用配置，当然如果不配，那么配置文件中也不必引入上传组件包 -->
    <bean id="multipartResolver"
          class="org.springframework.web.multipart.commons.CommonsMultipartResolver">
        <!-- 默认编码 -->
        <property name="defaultEncoding" value="utf-8"/>
        <!-- 文件大小最大值 -->
        <property name="maxUploadSize" value="10485760000"/>
        <!-- 内存中的最大值 -->
        <property name="maxInMemorySize" value="40960"/>
    </bean>

    <!-- 扩充了注解驱动，可以将请求参数绑定到控制器参数 -->
    <mvc:annotation-driven/>
    <!-- 启用基于Spring的注解 -->
    <context:annotation-config/>
    <!-- 静态资源处理 -->
    <mvc:resources mapping="/static/js/**" location="/static/js/" cache-period="31556926"/>
    <mvc:resources mapping="/static/css/**" location="/static/css/"/>
    <mvc:resources mapping="/static/images/**" location="/static/images/"/>


    <!-- 国际化配置 -->
    <bean id="messageSource" class="org.springframework.context.support.ResourceBundleMessageSource">
        <!--  <property name="basename">
              <value>message</value>
          </property> -->
        <property name="defaultEncoding">
            <value>UTF-8</value>
        </property>
    </bean>

    <!-- 日期全局转换配置 -->
    <!-- <bean id="conversionService" class="org.springframework.format.support.FormattingConversionServiceFactoryBean">    
         <property name="converters">    
             <list>    
                 <bean class="com.lava.lavafaq.springmvc.DateConverter" />    
             </list>    
         </property>    
     </bean>   -->
    <!-- ============配置shiro 开启shiro注解 ================= -->
    <!-- 4.配置lifecycleBeanPostProcessor， 可以自动的来调用配置在spring IOC 容器中shiro bean的生命周期方法 -->
    <bean class="org.apache.shiro.spring.LifecycleBeanPostProcessor" id="lifecycleBeanPostProcessor"/>
    <!--
    5.启用IOC容器中使用shiro的注解，但必须在配置 lifecycleBeanPostProcessor才可以使用-->
    <bean class="org.springframework.aop.framework.autoproxy.DefaultAdvisorAutoProxyCreator"
          depends-on="lifecycleBeanPostProcessor">
        <property name="proxyTargetClass" value="true">
        </property>
    </bean>
    <!--开启spring AOC shiro注解支持-->
    <!--  <bean class="org.apache.shiro.spring.security.interceptor.AuthorizationAttributeSourceAdvisor">
          <property name="securityManager" ref="securityManager">
          </property>
      </bean>-->
    <!-- 无权限跳转页面 -->
    <bean class="org.springframework.web.servlet.handler.SimpleMappingExceptionResolver">
        <property name="exceptionMappings">
            <props>
                <prop key="org.apache.shiro.authz.UnauthorizedException">/error/403</prop>
            </props>
        </property>
    </bean>


</beans> 