<?xml version="1.0" encoding="UTF-8"?>
<beans xmlns="http://www.springframework.org/schema/beans"
       xmlns:xsi="http://www.w3.org/2001/XMLSchema-instance"
       xmlns:context="http://www.springframework.org/schema/context"
       xmlns:aop="http://www.springframework.org/schema/aop"
       xmlns:p="http://www.springframework.org/schema/p"
       xmlns:tx="http://www.springframework.org/schema/tx"
       xsi:schemaLocation="
        http://www.springframework.org/schema/beans http://www.springframework.org/schema/beans/spring-beans.xsd
        http://www.springframework.org/schema/context http://www.springframework.org/schema/context/spring-context.xsd
        http://www.springframework.org/schema/aop http://www.springframework.org/schema/aop/spring-aop.xsd
        http://www.springframework.org/schema/tx http://www.springframework.org/schema/tx/spring-tx.xsd">

    <context:component-scan base-package="cn.temptation">
        <!--不扫描controller-->
        <context:exclude-filter type="annotation" expression="org.springframework.stereotype.Service"/>
        <!--过滤了下面的controller，登录注册都不能链接到controller了-->
        <!--<context:exclude-filter type="annotation" expression="org.springframework.stereotype.Controller" />-->
    </context:component-scan>

    <!-- 开启AOP注解扫描 -->
    <aop:aspectj-autoproxy proxy-target-class="true"/>
    <bean id="SpringContextHolder" class="cn.temptation.utils.spring.SpringContextHolder"/>

    <!-- 事务管理器，依赖于数据源 -->
    <bean id="txManager" class="org.springframework.jdbc.datasource.DataSourceTransactionManager">
        <property name="dataSource" ref="dataSource"/>
    </bean>

    <!-- 编写通知：对事务进行增强（通知），需要编写对切入点和具体执行事务细节 -->
    <tx:advice id="txAdvice" transaction-manager="txManager">
        <tx:attributes>
            <!--
                为切入点方法添加事务详情
                name：方法名，*表示任意方法名称
                propagation：设置传播行为
                isolation：设置隔离级别
                read-only：是否只读
            -->
            <tx:method name="add*" propagation="REQUIRED" isolation="DEFAULT" read-only="false"
                       rollback-for="Exception"/>
            <tx:method name="delete*" propagation="REQUIRED" isolation="DEFAULT" read-only="false"
                       rollback-for="Exception"/>
            <tx:method name="update*" propagation="REQUIRED" isolation="DEFAULT" read-only="false"
                       rollback-for="Exception"/>
        </tx:attributes>
    </tx:advice>

    <!-- 设置AOP，让Spring自动对目标生成代理，需要使用AspectJ表达式 -->
    <!-- <aop:config proxy-target-class="true"> -->
    <!-- 切面：整合切入点和通知 -->
    <!-- <aop:advisor advice-ref="txAdvice" pointcut="within(cn.temptation.web..*)" />
</aop:config> -->


    <!--p:connectionFactory-ref="jedisConnectionFactory" 使用redis作为shiro的缓存，则需要开放此处，需要使用jdk序列化-->
    <bean id="shareRedisTemplate" class="org.springframework.data.redis.core.RedisTemplate"
          p:connectionFactory-ref="jedisConnectionFactory">
        <property name="connectionFactory" value="#{shareRedisConnection.jedisConnectionFactory}"/>
        <property name="valueSerializer" ref="genericJackson2JsonRedisSerializer"/>
    </bean>

    <bean id="shareReisPoolConfig" class="redis.clients.jedis.JedisPoolConfig"/>

    <bean id="genericJackson2JsonRedisSerializer"
          class="org.springframework.data.redis.serializer.GenericJackson2JsonRedisSerializer"/>

    <!-- 配置spring-session -->
    <bean class="org.springframework.session.data.redis.config.annotation.web.http.RedisHttpSessionConfiguration">
        <!-- 过期时间30分钟 -->
        <property name="maxInactiveIntervalInSeconds" value="1800"></property>
    </bean>
    <!-- redis连接池 -->
    <bean id="jedisPoolConfig" class="redis.clients.jedis.JedisPoolConfig"/>

    <bean id="redisTemplate" class="org.springframework.data.redis.core.RedisTemplate"
          p:connection-factory-ref="jedisConnectionFactory">
        <property name="keySerializer" ref="stringRedisSerializer"/>
    </bean>

    <bean id="stringRedisSerializer" class="org.springframework.data.redis.serializer.StringRedisSerializer"/>

    <bean id="jedisConnectionFactory"
          class="org.springframework.data.redis.connection.jedis.JedisConnectionFactory">
        <property name="hostName" value="${redis.ip}"/>
        <property name="port" value="${redis.port}"/>
        <property name="poolConfig" ref="jedisPoolConfig"/>
        <property name="database" value="${redis.database}"/>
        <property name="password" value="${redis.password}"/>
    </bean>
</beans>